,domain,is_shop_predicted,preview_text,is_shop,ambiguous
0,77records.de,1," DJ Equipment | DJ Zubehör ★ 77records.de Um 77records.de / Dein Shop für DJ-, Studio- und Licht-Equipment in vollem Umfang nutzen zu können, empfehlen wir Ihnen Javascript in Ihrem Browser zu aktiveren. Versandkostenfrei ab 25.- in DE / Tiefpreisgar",1,0
1,absperrtechnik24.de,1," Absperrpfosten, Schilder, Fahrradständer und mehr | absperrtechnik24.de Sehr gut4.79/5.00Zertifiziert seit 10.03.2005×Zertifizierter Shop Vermeiden Sie Glatteisunfälle! Und kommen Sie gut durch den Winter: Streuwagen und -behälter Warnschilder und -",1,0
2,ackermedia.de,0, Hosting - Avernis Domain bestellen / Domains umziehen / reservieren . de Alle at co.at or.at be biz cc ch cn co com de es eu fr in info it la li lu me mobi name net nu org re ru se sg tc tv tv co.uk me.uk org.uk vg wien ws xxx Viele Domains? Massene,0,0
3,acris-ecommerce.at,0, E-Commerce & Shopware Agentur aus Linz OÖ ► ACRIS E-Commerce .wpb_animate_when_almost_visible { opacity: 1; } Unternehmen Jobs Partner Referenzen Kontakt Main Navigation Menu E-Commerce E-Commerce Consulting E-Business Multichannel Cross-Channel Str,0,0
4,adepto-shop.de,1," ADEPTO - Reinigungsfachhandel - Versandkosten pauschal mit 4,00 € pro Bestellung. 30 Tage Widerrufsrecht Versand innerhalb von 3 - 7 Tagen Service & Beratung Tel. 08142 6670961 (Ortstarif) Startseite Mein Konto News Kontakt Anmelden Passwort vergess",1,0
5,airplus.com,0," AirPlus International – Ihr Partner für Reisekostenmanagement Für eine bestmögliche Nutzung verwendet unsere Website Cookies. Wenn Sie fortfahren, gehen wir davon aus, dass Sie der Verwendung von Cookies durch unsere Website zustimmen. Weitere Infor",0,0
6,alfahosting.org,0," Die Domain ""zitrom.alfahosting.org"" ist nicht verfügbar. ",0,0
7,alkomat.net,1," Startseite - Alkomat.net - Alkoholtester und Alkomaten von ACE, Dräger und Envitec sowie Drogentester Onlineshop de en Kategorien EmpfehlungenAlkoholtester Vergleich Service / WartungACE Webshops KategorienAlkotester Genauigkeit Alkotester Marke Alk",1,0
8,allgaeu-travel.com,0,"489 Ferienwohnungen & Ferienhäuser im AllgäuBitte aktivieren Sie JavaScript in Ihrem Browser, damit unsere Seite bei Ihnen in vollem Umfang mit allen Funktionen dargestellt werden kann.Laden Sie die Seite nach der Aktivierung bitte neu.XWir verwenden",0,0
9,allstars-direktvertrieb.de,1," Allstars-Vertrieb Um Allstars-Vertrieb in vollem Umfang nutzen zu können, empfehlen wir Ihnen Javascript in Ihrem Browser zu aktiveren. ALL STARS -20 % RABATT PORTOFREI AB 50€ KAUF AUF RECHNUNG EXPERTEN & BESTELL-HOTLINE: + 49 641 460 555 66 ANMELDU",0,1
10,apm-telescopes.de,1, APM Telescopes Suche [schließen] X Beschreibung durchsuchen: Anzahl der Ergebnisse: 20 50 100 alle Kategorien: alle Kategorien Ferngläser Teleskope Sonnenbeobachtung Montierung & Stative Okulare CCD / Astrofotografie Optisches Zubehör Mechanisches Z,1,0
11,aprilagentur.de,0, Die Werbeagentur in Berlin-Friedenau - april agentur Menu Home Portfolio april agentur Blog Kontakt Impressum AGBs Wir gestalten mit Freude Projekt: Reederei Bruno Winkler mehr ansehen Liebe zum Detail Projekt: agivia GmbH mehr ansehen Nutzerfreundl,0,0
12,baender24.de,1," Baender24.de Diese Seite benötigt Cookies. Sind Sie mit der Nutzung von Cookies einverstanden? Ja Nein Um Baender24.de in vollem Umfang nutzen zu können, empfehlen wir Ihnen Javascript in Ihrem Browser zu aktiveren. Service: +49 (0) 4171 - 690 5340 ",0,1
13,bag-trends.de,1, bag-trends - sicheres Online Shopping! Suchen in diesem Shop Suchen in diesem Shop Suchen auf Rakuten.de Suchbegriffe Kategorien Anmelden oder Registrieren Merkliste0 Shopping Cart0 Möchten Sie Ihre bisher anonym angelegte Merkliste mit Ihrem Kunden,1,0
14,bagel.de,0, Bagel Gruppe OkBagel verwendet Cookies. Mit der Weiterverwendung der Seite stimmen Sie der Benutzung von Cookies zu. Erfahren Sie mehr.Cookie Consent plugin for the EU cookie law Deutsch | English Kontakt Datenschutz Impressum Bagel Gruppe Startseit,0,1
15,baulando.com,1," BAULANDO - Arbeitsschutz, Baumaschinen, Diamantscheiben News Kontakt Anmelden Anmelden Passwort vergessen Neu hier? Jetzt registrieren € 0,00 Es befinden sich keine Artikel im Warenkorb Arbeitsschutz Arbeitsschutz Bekleidung Schuhe/ Stiefel Oberbekl",0,0
16,bbq24.de,1, Grill Shop - BBQ Grills & Grillzubehör kaufen » BBQ24.de Wir verwenden in unserem Shop Cookies. Wenn Sie auf der Seite weitersurfen stimmen Sie der Cookie-Nutzung zu. close BBQ Grill & Grillzubehör Hotline 0751 - 35 45 08 00 10:00 – 18:00 Uhr Kosten,1,0
17,bear-family.de,1," Bear Family Records - Vinyl, CD, DVD- Musik Mailorder Online Sehr gut4.86/5.00Zertifiziert seit 10.12.2013×Zertifizierter Shop×Need help?Our staff are always ready to helpLive help is online... Your browser blocks some 3rd party cookies by default. ",1,0
18,beautyhills.de,1," Beauty Hills Shop Um Beauty Hills Shop in vollem Umfang nutzen zu können, empfehlen wir Ihnen Javascript in Ihrem Browser zu aktiveren. Service-Hotline:06190 - 975 60 70 Paraffin- &Parabenfrei Kostenlose Lieferungab 49,- EURO (DE) MeinKonto Beauty H",1,0
19,bellevue-kreuzfahrten.de,0, Handverlesene Kreuzfahrten & Schiffsreisen bei BELLEVUE Kreuzfahrten online buchen Kundenservice: +49 69 204 56 8 56 (Info) Kundenservice Sie erreichen uns per e-mail oder telefonisch unter: +49 69 204 56 8 56 Servicezeiten:Montag - Freitag 09:00 bi,0,0
20,berentzenshop.de,1, Der Berentzen Onlineshop Sehr gut4.86/5.00Zertifiziert seit 25.01.2017×Zertifizierter Shop Bist du 18? Gib hier Dein Geburtsdatum ein 1 2 3 4 5 6 7 8 9 10 11 12 13 14 15 16 17 18 19 20 21 22 23 24 25 26 27 28 29 30 31 1 1 2 3 4 5 6 7 8 9 10 11 12 1 ,1,0
21,bergfest.de,1, Bergfest | Bergans Shop mit 10% Kunden-Rabatt und kostenlosem Versand & Retoure! Support & Bestellung: 0049 9421 7039055 | Ihr Konto | Zur Kasse | Anmelden | erweiterte Suche % Sale % Ausrüstung Klettern Bekleidung Damen Bekleidung Herren Schuhe Kat,1,0
22,bergsports.de,1," Die Startseite von bergsports.de | bergsports.de Sehr gut4.67/5.00Zertifiziert seit 21.12.2017×Zertifizierter Shop Um bergsports.de in vollem Umfang nutzen zu können, empfehlen wir Ihnen Javascript in Ihrem Browser zu aktiveren. Menü Warenkorb 0 Mei",1,0
23,bernkastel.de,0,Urlaub an der Mosel in Bernkastel-Kues - Ferienland Bernkastel-Kues Urlaub an der MoselDirekt zum Inhalt springen.Unser TippRegionenBernkastel-KuesTipps und SehenswertesUnser FerienlandAktuellesAusgezeichnetMosel erlebenRadfahrenWandern im Urlaub an ,0,0
24,bikepark-shop.de,1, Bike Online Shop | Dein Traumbike | bikepark-shop.de Sehr gut4.96/5.00Zertifiziert seit 21.02.2017×Zertifizierter Shop Wir verwenden in unserem Shop Cookies. Wenn Sie auf der Seite weitersurfen stimmen Sie der Cookie-Nutzung zu. JavaScript scheint i,1,0
25,bremerhaven-immo.de,0," Bremerhaven-Immo.de - Das Regional-Portal für Immobilien in Bremerhaven und Umgebung OkDieses Portal verwendet Cookies, um Ihnen den Besuch zu vereinfachen und um die bestmögliche Funktionalität bieten zu können. Weitere InformationenCookie Consent ",0,0
26,buy-ern.eu,1, buy-ern.eu | online günstig einkaufen 0180 - 540 05 57 Kontakt Info Zahlungsarten Versandarten & -kosten Widerrufsrecht Impressum FR NL Login E-Mail-Adresse Passwort Anmelden Passwort vergessen? Registrieren Abbrechen Warenkorb 0 Sie haben noch kein,1,0
27,caseking.de,1," PC Systeme & Komponenten online kaufen | CASEKING Um Caseking in vollem Umfang nutzen zu können, empfehlen wir Ihnen Javascript in Ihrem Browser zu aktiveren. B2BReseller / Geschäftskunden noblechairs Mein Konto Kontakt Wunschzettel 0 Deutsch Deutsc",1,0
28,certeo.at,1,"Büromöbel, Büroeinrichtung, Betriebsausstattung | certeo.atKostenloser Versand 30 Tage Rückgabe Mind. 3 Jahre Garantie Kein Mindestbestellwert 0Warenkorb0800 23 45 40service@certeo.atAnmeldenSicher E-Mail* Passwort* Passwort vergessen?AnmeldenNeukund",1,0
29,closeup.de,1, Poster & Merchandise jetzt bestellen-Close Up GmbH Zertifizierter Shop Schnelle Lieferung Hotline +49 711 450 45 66 Sprache Deutsch EnglishFrançaisMenüSucheMein Close Up0WunschlisteWarenkorbNeuheitenALLES ANZEIGENNeuzugängeder letzten 30 Tageder let,1,0
30,club-blaues-meer.de,0, Start: Club Blaues Meer Reisen Familie Wandern Radfahren Golf Flair Premium Wellness Adults Only Business Barrierefrei +49 (0) 2902 97260 Haben Sie Fragen?Unsere Mitarbeiter (9-18 Uhr) helfen Ihnen gerne weiter! Club Blaues Meer Reisen Mallorca Indi,0,0
31,conmoto.com,0," Conmoto - Home page JavaScript scheint in Ihrem Browser deaktiviert zu sein. Um unsere Website in bester Weise zu erfahren, aktivieren Sie Javascript in Ihrem Browser. Händler in Ihrer Nähe: (ändern) Suche Suche Anmelden DE EN ShopProduktkategorienS",0,1
32,creative-beads.com,1," | Creative Beads Perlen und Schmuckzubehör GelesenDiese Seite benutzt Cookies, um Ihnen das bestmögliche Einkaufserlebnis zu bieten. Weitere Info in der DatenschutzerklärungCookie Consent plugin for the EU cookie law Um Creative Beads Perlen und Sch",0,1
33,ctc-bikeparts.de,1," Startseite CTC BIKE PARTS Online-Shop CTC BIKE PARTS Sonderangebote CTC BIKE PARTS APRILIA BMW DUCATI HONDA KAWASAKI KTM MVAGUSTA SUZUKI TRIUMPH YAMAHA info@ctc-bikeparts.de | 07821-5498022 Mo-Fr 8-12 Uhr Mein Konto Warenkorb: 0,00 € Menu CTC BIKE P",1,0
34,dampftbeidir.de,1," dampftbeidir.de - Dein Online-Shop für E-Zigaretten, Liquids & Zubehör - dampftbeidir.de Sehr gut4.89/5.00Zertifiziert seit 30.08.2016×Zertifizierter Shop front ✓ Versandkostenfrei ab 50€ ✓ Liquids / Aromen / Base - 100% made in Germany Startseite M",1,0
35,danielfendler.com,1," Onlineshop für exklusive Trachtenmode - Daniel Fendler Suche Anmelden Warenkorb 0 Artikel Artikel 0 Keine Produkte versandkostenfrei Versand 0,00 € MwSt. 0,00 € Gesamt Preise inkl. MwSt. Warenkorb anzeigen Das Produkt wurde erfolgreich Ihrem Warenko",1,0
36,dekodor.de,1, Dekorationsartikel und Schmuck gibt es - günstig bei dekodor Sehr gut4.92/5.00Zertifiziert seit 21.06.2013×Zertifizierter Shop Suche Alle Alle Schmuck Advent-Winter-Weihnachten Dekoartikel Duftlampen Figuren Küche und Essen Vasen Uhren Gartendeko Sk,1,0
37,der-fellmann.de,1," Hochwertige Lammfell & Naturfellprodukte bei Der Fellmann | Der Fellmann - Naturfellprodukte Verstanden!Diese Seite benutzt Cookies, um Ihnen das bestmögliche Erlebnis zu bieten. Mehr InformationenCookie Consent plugin for the EU cookie law Um Der F",0,1
38,dertouristik.com,0, DER Touristik - Home English Home Unternehmen DER Touristik Group Leitbild Management Management Board Central Europe Divisions Central EuropeNorthern EuropeEastern EuropeDMC & Hotels Historie REWE Group Nachhaltigkeit Umwelt Natur und ArtenschutzRe,0,0
39,deutschesportonline.de,0, Startseite | Deutsche Sport Online GmbH Deutsche Sport Online GmbH +49 (0) 89 - 7 41 17 440 * Startseite Das Unternehmen E-Commerce Referenzen Kontakt 1234PrevNext Die Firma - Deutsche Sport Online GmbH. Die Deutsche Sport Online GmbH bringt Sporter,0,1
40,drmayer-immobilien.de,0,"Immobilien Teneriffa kaufen, - Tenerife Fincas - privat Immobilien auf Teneriffa privat kaufen Ctra. Vieja a la Vega 16 38430 Icod de los Vinos Tenerife/Spanien Deutscher Immobilienmakler : Telefon (Mo-Fr.): +34 922 81 29 07 FAX: +34 922 122 407 E-Ma",0,0
41,druckerking.com,1," druckerking.com Sehr gut4.83/5.00Zertifiziert seit 27.12.2013×Zertifizierter Shop Um druckerking.com in vollem Umfang nutzen zu können, empfehlen wir Ihnen Javascript in Ihrem Browser zu aktiveren. druckerking.com Versand nur 2,90€ (ab 99€ kostenfre",1,0
42,dsmoker.net,1," DSmoker - Ihr E-Zigaretten Fachhandel JavaScript ist in Ihrem Browser deaktiviert. Aktivieren Sie JavaScript, um alle Funktionen des Shops nutzen und alle Inhalte sehen zu können. Kundenlogin Kundengruppe: Gast Merkzettel Warenkorb Ihr Warenkorb kei",1,0
43,dxracer-germany.de,1," DXRacer®-Der offizielle online-shop in Deutschland JavaScript ist in Ihrem Browser deaktiviert. Aktivieren Sie JavaScript, um alle Funktionen des Shops nutzen und alle Inhalte sehen zu können. Kundenlogin Merkzettel Formula Serie OH/FD01 OH/FD101 OH",1,0
44,ebrosia.de,1," Wein-Shop - günstig & schnell online Wein kaufen | ebrosia Um ebrosia in vollem Umfang nutzen zu können, empfehlen wir Ihnen Javascript in Ihrem Browser zu aktiveren. 17 Jahre Sommelier-Qualität und Vertrauen Schnelle Lieferung - direkt ins Haus Bes",1,0
45,eks-parken.de,0, Parken am Flughafen Schönefeld in Berlin | Berlin BER - EKs Parken Kontakt Impressum Sitemap FAQ Profil Anfahrt Reservierung Service Airport-Shuttle Sicherheit Preise Startseite Sehr günstiges Parken am Flughafen Schönefeld. Starten Sie Ihren wohlve,0,0
46,elektromaterial.eu,1," Elektromaterial Zertifiziert seit 27.11.2012×Zertifizierter Shop Um Elektromaterial in vollem Umfang nutzen zu können, empfehlen wir Ihnen Javascript in Ihrem Browser zu aktiveren. Wir sind für Sie da 02166 - 14 44 912 | Mo-Do 07.30 - 17.00 Uhr und ",1,0
47,escapio.com,0," Escapio Hotelpreisvergleich: Luxus-, Boutique und Designhotels buchen Meine Merkliste Kontakt USD ($) de 04. – 05.02.2018 2 Traumhotels. Handverlesen. Gardasee Sardinien Griechische Inseln Kroatien Mallorca Toskana Provence Südtirol Über Escapio Rei",0,0
48,estugo.de,1," Onlineshop Hosting für Gambio, Shopware, JTL Shop › Shop Hosting von ESTUGO Sehr gut5.00/5.00Zertifiziert seit 21.12.2017×Kundenbewertungen Ohne Risiko hosten1 Monat Vertraglaufzeit 03834 5139-52Wir beraten Sie gerne. support@estugo.deAuch gerne per",0,0
49,fairsuchungen.de,1, Fairsuchungen Sehr gut5.00/5.00Zertifiziert seit 20.07.2009×Zertifizierter Shop Zur Navigation springen. Zum Inhalt springen. Home Ihr Konto Warenkorb Kasse Startseite » Katalog Kategorien SilberschmuckFair Trade SchmuckGeschenkgutscheineGeschenkver,1,0
50,feinkost-aus-ungarn.de,1," Feinkost online kaufen und in Teningen südlich von Stuttgart - Feinkost-aus-Ungarn.de | Spezialitäten Sehr gut4.89/5.00Zertifiziert seit 21.12.2017×Kundenbewertungen JavaScript ist in Ihrem Browser deaktiviert. Aktivieren Sie JavaScript, um alle Fun",1,0
51,fischers-lagerhaus.de,1," Startseite .fb_hidden{position:absolute;top:-10000px;z-index:10001}.fb_reposition{overflow:hidden;position:relative}.fb_invisible{display:none}.fb_reset{background:none;border:0;border-spacing:0;color:#000;cursor:auto;direction:ltr;font-family:""luci",0,1
52,fitreisen.de,0," Fit Reisen - Ihr Experte für Ayurvedareisen, Kurreisen & Wellnesswochenenden Menu Kontakt Service Service Ratgeber Gutschein bestellen Blog Karriere Pressebereich Wichtige Informationen Häufige Fragen Kurzuschuss Präventionszuschuss Reisehinweise Fi",0,0
53,fitstore24.com,1," Fitstore24.com ! Fitness - Sport - Gesundheit - Wellness - Leistungsoptimierung AT: +43 (0) 4852 68866-0* Über uns | Ihr Konto | Anmelden Versandkostenfrei ab 150,- EUR Kauf auf Rechnung möglich Liefer- und Montageservice Lieferung innerhalb weniger",1,0
54,fuxtec.de,1," FUXTEC Gartengeräte Sehr gut4.69/5.00Zertifiziert seit 27.07.2016×Zertifizierter Shop Es wurde festgestellt, dass Cookies in Ihrem Browser deaktiviert sind. Um FUXTEC Gartengeräte in vollem Umfang nutzen zu können, empfehlen wir Ihnen, Cookies in Ih",0,1
55,g4w.de,0," Webhosting, Webspace, Pakete, Homepage, Domains, Domainname, Server Diese Webseite verwendet Cookies. Erfahren Sie mehr Benutzername: Passwort: Ohne Javascript ist einLogin nicht möglich! Emailadresse: Passwort: Username: Passwort: Server: Wunschnam",0,0
56,galdem.de,1, Sanitär Shop online • Exklusive Badausstattung • Galdem.de Home Badmöbel 72 60 cm Waschtisch 19 80 cm Waschtisch 11 Doppel-Waschtisch 17 Gäste-WC 5 Hängeschrank 5 Waschbeckenunterschrank 9 Badewannen 12 Set mit Füßen 10 Viertelkreis 1 6 - Eck 2 8 - ,1,0
57,gamblerstore.de,0," Gambler`s Store - Home Casino Shop, Blackjack, Poker, gambling machine, Jetons, Roulette, Craps and more 0941 - 460 750 || ANFAHRT || info@gamblerstore.de PokerchipsPoker TablesPlaying CardsPoker AccessoriesCasino GamesBooks & MagazinesOther Blackja",0,0
58,gameox.de,0," GameOX 0 Artikel - 0,00 € Kundenlogin Home Produkte » Top Angebote Gameserver » Gameserver Optionen Server Statistiken Voiceserver Webhosting » Webspace Domains Server » vServer RootServer Gameroot Streamserver » Stream Stream-Paket Gameserver » Gam",0,0
59,gelesi.de,0, Foodblog shop | schnelle Rezepte Kochen im Alltag Toggle navigation Navigation HOME Picknickdecke Raclette Raclette Geräte Raclette Grill mit heißem Stein Raclette Grill mit beschichteter Metallplatte Raclette Grill mit geteilter Grillfläche Schweiz,0,0
60,genussland.at,0, Genussland Oberösterreich - Genussland Startseite Navigation Inhalt Kontakt Inhaltsverzeichnis Seitenanfang Impressum Positionsanzeige Produzenten + _ Produzenten Erzeugergemeinschaften Bauern- und Hofläden Caterer Kooperationspartner GenussRegionen,0,0
61,germanwear.de,1, German Wear Trachtenmode Motorrad Sport Bekleidung & Schuhe kostenloser Versand kostenloser Rückversand kostenloser Umtausch Rechnungskauf sicher kaufen Gutscheine +49-511-6769-500 Kontakt Hilfe Info Zahlungsarten Versandarten & -kosten Konfektionsg,1,0
62,gitarre-bestellen.de,1," Gitarre bestellen, E-Gitarre kaufen, Gitarrenshop, Gitarrenbausätze Gitarre bestellen » Gitarrenshop Warenkorb Sie haben noch keine Artikel in Ihrem Warenkorb. Suche TOPANGEBOT des Tages ANGEBOT endet in: aktiver Spear E-Bass SJA-250 Brown Burst Sta",1,0
63,hamburgerjungs.de,1, Hamburger Jungs | Der Onlineshop für Jungs & Deerns Sehr gut4.56/5.00Zertifiziert seit 24.07.2015×Zertifizierter Shop Dieser Online-Shop verwendet Cookies für ein optimales Einkaufserlebnis. Dabei werden beispielsweise die Session-Informationen oder,1,0
64,hefe-und-mehr.de,0, Hefe und mehr | Ein Blog rund ums Brot backen – Rezepte und Tipps für Anfänger und Fortgeschrittene für selbst gebackenes Brot aus eigenem Ofen – Brotbackkurse und Backkurse für Feingebäck im Umland von Köln StartseiteÜber mich Bücher Brotbackkurse ,0,0
65,hexim.de,1, Innendekor und Fassadendekor - HEXIM Online-Shop Zahlungsarten Bankdaten Versand Partner Kontakt Suche: Erweiterte Suche HEXIM Warenkorb Kasse Registrieren Sie sind hier: Home Kategorien Decke Balken & Bretter Deckenplatten Flachleisten glatt Flachl,1,0
66,himmelpfort-kaffee.de,1," Kaffee | Espresso | Mahlkönig | - Himmelpfort Kaffee JavaScript scheint in Ihrem Browser deaktiviert zu sein. Sie müssen JavaScript in Ihrem Browser aktivieren, um alle Funktionen in diesem Shop nutzen zu können. Mein Benutzerkonto Mein Warenkorb Zu",1,0
67,hollandrad.de,1," Hollandräder in toller Auswahl! | Hollandrad Online-Shop Berlin // var Translator = new Translate({""Please select an option."":""Bitte w\u00e4hlen Sie eine Option."",""This is a required field."":""Dies ist ein Pflichtfeld."",""Please enter a valid number i",0,0
68,holzland-brinkmann.de,0, Holz-Fachhandel - besser als der Baumarkt - HolzLand Brinkmann in Bielefeld Karriere|Anfahrt|Kontakt Navigation StartseiteSortimentKatalogeKonfiguratorenUnser ServiceUnternehmenHolzinfosSonderangebote Böden Ein schöner Boden ist die Grundlage für je,0,0
69,hosting-agency.de,0, Hosting-Agency ist Teil der dogado Familie Login Webmailer Hosting-Agency ist nun Teil der dogado Familie seit vielen Jahren war die Hosting-Agency Ihr zuverlässiger Partner für Webhosting und Domains. Wir freuen uns Sie heute darüber informieren zu,0,0
70,hs-bremen.de,0, Hochschule Bremen - HSB Startseite | Studium Bachelor und Master studieren + Weiterbildung Schnell-Navigation: zur Volltext-Suche zur Personen-Suche zu dem Seiteninhalt Hochschule Bremen - University of Applied Sciences |Kontakt| Anfahrt| Presse| En,0,0
71,hundeleben-exklusiv.de,1, Exklusive Hundemode | Hundetaschen Luxus | Hundezubehör SCHÖNER GASSIAUSGEHFEINNAPF & TAFELSCHÖNHEITSSCHLAFSPIEL & SPASSBEAUTY & WELLNESSREISELUSTHUND MIT STILFELD & FLURHEIM & GARTENLESEN & SCHREIBENKUNST & KUNSTGEWERBESAISONALESGESCHENKE GUTSCHEIN,0,1
72,immo24.de,0, Immo24 - Immobilien Online - mieten und kaufen - vermieten und verkaufen Immo24 Impressum - Immo24 ,0,0
73,immoauktionen.de,0,"Immobilienversteigerung, Immobilien Versteigerung oder Immobilien Versteigerungen, Immobilien Auktionen Wir führen Immobilienversteigerung / Immobilien Versteigerung online durch - Immobilien Auktionen! Immobilien Auktionen iframe -> will not be supp",0,0
74,immobilien-schweden.eu,0, Immobilien in Schweden kaufen | schweden immobilien Immobilien in Schweden ,0,0
75,immoclick.ch,0, Immoclick.ch .wpb_animate_when_almost_visible { opacity: 1; } Telefon:+41 44 804 24 24 Registrieren Login Umschalten Navigation Suche Top-Immobilien alle Immobilien FAQ Suche Inserieren Angebot Immobilienmarketing FAQ Inserieren Agenturen Aktuelles ,0,0
76,immoforless.de,0, Immobilien provisionsfrei Immobilien 50% billiger inserieren Immobilien-Schnellsuche z.B. Häuser Hamburg oder Haus mit Garten Willkommen! Ich bin bereits Kunde Ich bin NEU hier Facebook Twitter Print Email Addthis Hinweis:Zur korrekten Nutzung von i,0,0
77,immostimme.de,0," Immobilien, Wohnungen und Häuser in Heilbronn zum mieten oder kaufen | immostimme.de powered by Merkliste Kontakt FAQ Inserieren Registrieren und Anmelden Anmeldung für registrierte Nutzer Anmelden Passwort vergessen Neu registrieren Makler- und Anb",0,0
78,immoweb.de,0," Immoweb | Immobilien, Wohnungen und Häuser bei immoweb Über Uns Immobilien-Alert Kontakt Hilfe +49 (0)231 / 398197-0 Wohnen Gewerbe Anbieten Maklersuche Franchise Gutachten Energieausweise Kaufpreisberatung Auktion Anmelden Über Uns Immobilien-Alert",0,0
79,infuu.de,1," Halterungssysteme für Notebook, Kamera,Tablet-PC für Auto, andere Fortbewegungsmittel und Büro | Infuu Holders - Halterungen für Notebook, Tablet, Kamera für KFZ, Büro Verstanden!Diese Seite benutzt Cookies, um Ihnen das bestmögliche Erlebnis zu bie",0,1
80,issociate.de,0,"XODOX - Webdesign, Server, E-Mail & SEO aus Forchheim About Us#0 (kein Titel)#0 (kein Titel)BlogFAQAbout Us#0 (kein Titel)#0 (kein Titel)BlogFAQ DomainsE-MailWebdesignHostingHilfe & SupportKontakt DomainsE-MailWebdesignHostingHilfe & SupportKontakt S",0,0
81,italimmo.com,0," * Immobilien Toskana Umbrien Marken * Attraktive Immobilien - Angebote in der Toskana, Umbrien und den Marken ^ Eine eigene Immobilie im sonnigen Italien; wir versuchen den Traum Wirklichkeit werden zu lassen. Angebote in allen Preisklassen in den R",0,0
82,iz.de,0, Immobilien Zeitung Sie haben kein JavaScript aktiviert. Nur mit aktiviertem JavaScript ist ein Login in der IZ möglich. Nachrichten Jobs Veranstaltungen Shop Research Abo App Newsletter Probelesen Registrieren Anmelden Passwort vergessen? Anmelden S,0,0
83,jehlebikes.de,1," @import url(""css/reset.css""); Fahrrad-Online-Shop und Fachmarkt in Ulm: jehlebikes.de AGB | Impressum | Versandkosten | Zahlungsweisen | Login Der Warenkorb ist noch leerKundenloginSUCHEHomeFahrräder MTB Hardtails MTB 29 Zoll Hardtails MTB 27,5 Zoll",1,0
84,kassen-stamm.de,1, Waagen - Stamm Unser Sortiment Zusatzinformationen Zusatzinformationen Kontakt AGB Neuigkeiten SOLAS Bestimmungen Service Startseite Kundendaten anlegen/bearbeiten Mein Konto Newsletter An-/Abmeldung Kontaktformular Versandkosten Merkliste Um unsere,1,0
85,kdt-gmbh.de,1, KDT Drucklufttechnik - Druckluft von A-Z | KDT Druckluft-Fachhandel Drucklufttechnik Fachberatung 07121-580576 |Mo. bis Fr. 8.00 Uhr bis 18.00 Uhr Select Language​▼ Sie haben noch keine Artikel in Ihrem Warenkorb. Ihr Konto Warenkorb Home |Engineeri,1,0
86,kochecke.at,0," Kochrezepte mit Bildern | Kochecke.at Kochecke.at Meine eigene Kochseite in der Kochecke! Registrieren Kontakt Rezepte Köche Forum Ich Vorspeisen und Snacks Suppen und Eintöpfe Salate Pasta, Pizza und Risotto Fisch und Meeresfrüchte Fleischgerichte ",0,0
87,kp-networks.com,0," KP-Networks GbR Ich stimme zuDie Seite verwendet Cookies, um Ihnen den bestmöglichen Service zu gewährleisten. Wenn Sie auf der Seite weitersurfen, stimmen Sie der Cookie-Nutzung zu Mehr InformationenCookie Consent plugin for the EU cookie lawLive-H",0,1
88,kreativgewerbe.de,0," <!--table,div,span,font,p{display:none} -->Please click here if you are not redirected within a few seconds. Shopping Cart Artikel:0 Preis: 0,00 EUR Home Daily offer About Us Videos Referenzen Imprint Your account Contact FAQ Sie sind hier: Home » C",1,0
89,kreuzfahrtberater.de,0, Host Europe GmbH – www.kreuzfahrtberater.de www.kreuzfahrtberater.de Diese Webpräsenz befindet sich noch im Aufbau. Bitte versuchen Sie es zu einem späteren Zeitpunkt noch einmal. This site is currently under construction. Please try again later. ,0,0
90,kreuzfahrten-zentrale.de,0, Kreuzfahrten – Kreuzfahrt – Schiffs- und Seereisen Astoria Reisebüro Unser Team Facebook Kontakt Newsletter Impressum AGB Flussreisen.de » Startseite Top-Angebote Reiseziele Reedereien Themen Bestpreis-Garantie Ratgeber TUI Cruises Last Minute Luxus,0,0
91,ktmschnellversand.de,1, KTM Schnellversand | Der KTM Onlineshop Home News Hol- und Bringservice Racing News Events Fahrzeuge Newsletter Archiv Onlineshop Über uns Info’s Hol- und Bringservice Versandarten Zahlungsarten Rücksendungen Motorradvermietung Unsere Gebrauchten Ne,1,0
92,kuechle.de,0," Küchle - Backen, Dekorieren, Oblaten, Esspapier & Rezepte Export Gewerbe Presse Kontakt Shop de en Produktwelt Produktwelt schließen Backen zurück Backen close Backmischungen zurück Backmischungen close Basic Mix zurück Basic Mix close Basic Mix Dun",1,0
93,kuerbis-company.de,0, Startseite - Thomas-Haenraets GbR Menü Facebook SchließenStartseite Kürbis Deko Anbau Verkauf Über Uns Anfahrt Kürbis Rezepte Weiterlesen für Händler Kürbis Verkauf Weiterlesen Kürbis Anbau Weiterlesen Über uns Erfahren Sie mehr Weiterlesen Zurück W,0,0
94,landhaus-impressionen.de,1,Landhausstil - Clayre & Eef - Ihr Online Shop mit Zertifikat Sehr gut4.95/5.00Zertifiziert seit 15.12.2009×Zertifizierter Shop +49(0)5143-5129 Kontakt Info Zahlungsarten Versandarten & -kosten Widerrufsrecht Datenschutz AGB Impressum Login E-Mail-Ad,1,0
95,lederoase.de,1, www.lederoase.de // /** * global init */ var newsletterBoxOpen = function(){ }; var closeNewsletterBox = function(){ }; $(document).ready(function($){ ///////////////////////////// //// timeout in Sekunden //// ///////////////////////////// var seco,0,1
96,leds.de,1," LEDs.de: LUMITRONIX® Shop JavaScript scheint in Ihrem Browser deaktiviert zu sein. Um unsere Website bestmöglich zu erleben, aktivieren Sie Javascript in Ihrem Browser. Kostenloser Versand ab 49€ Hotline: 07471 960141-0 500.000 zufriedene Kunden Sho",1,0
97,lichtbogen.de,0," Fa.Lichtbogen Schweisstechnik, Reparatur und Verkauf ",0,0
98,living-the-past.com,1," It´s Laura Um It´s Laura in vollem Umfang nutzen zu können, empfehlen wir Ihnen Javascript in Ihrem Browser zu aktiveren. Menü Suchen Suchen Mein Konto Warenkorb 0 0,00 € * Service/Hilfe Lookbook / Impressionen Über uns Kontakt Versand und Zahlungsb",1,0
99,lumenstar.de,1," LED Lampen, Leuchten & Spots - LumenStar® - LED Leuchtmittel JavaScript scheint in Ihrem Browser deaktiviert zu sein. Sie müssen JavaScript in Ihrem Browser aktivieren, um alle Funktionen in diesem Shop nutzen zu können. Mein Benutzerkonto Zur Kasse",1,0
100,lutter.net,0, Immobilien Makler Rostock Häuser Wohnungen Kauf Verkauf Erster Coffee Shop von Starbucks in Mecklenburg-Vorpommern eröffnet Zweifamilienhaus in Dummerstorf vermittelt Eigentumswohnung in Reutershagen verkauft Action eröffnet im Citti Park Rostock Re,0,0
101,mainpost.de,1," Main-Post Online-Shop Startseite // var MRG_REGION_ALLOWED = false; // JavaScript scheint in Ihrem Browser deaktiviert zu sein. Sie müssen JavaScript in Ihrem Browser aktivieren, um alle Funktionen in diesem Shop nutzen zu können. Main-Post Online-S",1,0
102,maisterkaio.de,1," maisterkaio JavaScript ist in Ihrem Browser deaktiviert. Aktivieren Sie JavaScript, um alle Funktionen des Shops nutzen und alle Inhalte sehen zu können. Kundenlogin Merkzettel Warenkorb Skylanders Spielfiguren (499) Sets/ Sammlungen (6) Elite Figur",1,0
103,manitu.de,0," Webhosting, Root-Server, Domains - manitu Menschlich. Einfach besser. Webhosting Webhosting Webhosting Übersicht Vergleich Webhosting S Webhosting M50% Rabatt bis Sonntag, 24.12.2017 Webhosting L Webhosting XL WordPress Hosting Nextcloud Hosting own",0,0
104,marcelremusrealestate.com,0, Exklusive Immobilien auf Mallorca | Marcel Remus Real Estate HomeImmobilienÜber unsShopMR-LifestyleKontaktBlog 5000 Gebiet Alle anzeigenMallorcaDüsseldorf MallorcaAlle anzeigenMallorcaDüsseldorf Ort Alle anzeigenAlaró Algaida Andratx Artá Bahia Azul,0,0
105,medherbs.de,0,MedHerbs - Bestes aus der Natur Bestes aus der Natur STARTSEITE ÜBER UNS UNSERE PRODUKTE INDUSTRIE UND HANDEL WISSENSWERTES KONTAKT ZUM SHOP WISSENSWERTES 22.09.2015 Stevia - und das Märchen mit den Aluminiumsalzen » Zum Artikel » Weitere Meldungen H,1,0
106,mediplusreisen.de,0, Mediplus – Urlaub für die besten Jahre Reisethemen Eigene Anreise Flugreisen Kreuzfahrten Service Katalog Gutscheine Newsletter Reiseversicherung Wellness-Lexikon Gepäckanhänger Gruppenreisen Hilfe FAQ ESTA für die USA Reisebüros Reiseinfos Anreise ,0,0
107,mein-wellnessurlaub.de,0," Wellnessurlaub, Wellnesshotel - günstig buchen, für Wochenende und Kurzurlaub Wellnessurlaub Wellness-Wochenende Romantik-Wochenende Wellness Kurzurlaub Gutscheine Regionen Allgäu Bayern Bayerischer Wald Bodensee Brandenburg Eifel Erzgebirge Franken",0,0
108,meinemarkenmode.de,1, Exklusive Eigenkollektionen immer versandkostenfrei! Sehr gut4.68/5.00Zertifiziert seit 05.11.2013×Zertifizierter Shop Toggle navigation Finden Kontakt Information Zahlungsarten Versandarten & -kosten Rücksendung Widerrufsrecht FAQ Impressum Login E,1,0
109,meinnotizbuch.de,1, meinnotizbuch.de - Notizbücher selbst online gestalten Sehr gut4.83/5.00Zertifiziert seit 16.11.2011×Zertifizierter Shop 15% Sonderrabatt auf Leuchtturm1917 B5 Versandkostenfrei ab € 30 (DE) Individuelle Geschenke Superschnelle Lieferung +49 (0)871 ,1,0
110,mikrosat.de,1," Studioblitz - Studioblitz, der geht nie kaputt. Sehr gut4.87/5.00Zertifiziert seit 02.09.2014×Zertifizierter Shop de Sprache Sprache auswählen Deutsch English Kundenlogin Kundenlogin Konto erstellen Passwort vergessen? Merkzettel 0 Suche Alle Alle S",1,0
111,modellbau-amstetten.at,0, Startseite Angebot Kontakt Anfahrt Impressum Shop Login Artikel erfolgreich dem Warenkorb hinzugefügt. Weiter Einkaufen Zum Warenkorb Es muss eine Zahl eingetragen werden. Weiter Einkaufen Zum Warenkorb SO KOMMEN SIE INS GESCHÄFT! KONTAKTIEREN SIE M,1,0
112,moho.info,0, Motorradurlaub mit MoHo - Motorrad Hotels NewsletterGutscheine DE ENNL HomeHotels & AngeboteHotels in ÖsterreichHotels in DeutschlandHotels in ItalienHotels in der SchweizHotels in KroatienDie 20 MoHo-GeboteBike & MoreGeprüfte QualitätUrlaub schenke,0,0
113,moorings.de,0, Private Yachtcharter und Premium Segelurlaub | The Moorings Direkt zum Inhalt Sprechen Sie mit einem Experten +49 (0)6101 55 791 522 Mo bis Fr: 08:30Uhr-18:00Uhr Sprechen Sie mit einem Experten +49 (0)6101 55 791 522 Mo bis Fr: 08:30Uhr-18:00Uhr Hau,0,0
114,motorradbekleidung.de,1," Motorradbekleidung.de Es wurde festgestellt, dass Cookies in Ihrem Browser deaktiviert sind. Um Motorradbekleidung.de in vollem Umfang nutzen zu können, empfehlen wir Ihnen, Cookies in Ihrem Browser zu aktiveren. Um Motorradbekleidung.de in vollem U",1,0
115,mountainstar.info,0, Österreich - Skiurlaub & Winterurlaub Angebote 2016 / 2017 günstig buchen - Hotel eintragen An-/Abmeldung Winterurlaub & Skiurlaub HIGHLIGHTS Winterurlaub & Skiurlaub in den Alpen Österreichs. Buchen Sie jetzt Ihren Skiurlaub & Winterurlaub 2017 / 2,0,0
116,nec-store.de,1," NEC-Store VerstandenNEC-Store.de verwendet Cookies für ein modernes, bequemes Onlineshopping-Erlebnis. Durch das Verwenden dieser Seite akzeptieren Sie die Cookie-Nutzung. Mehr Informationen…Cookie Consent plugin for the EU cookie law Um NEC-Store i",1,0
117,netservice24.de,0, NetService24 GmbH: Domains / Co-Location / DSL-Zugänge NetService24 GmbH - Ihr kompetenter Internet Service Provider Unsere Geschäftsbereiche www.paxango.de Premiumpartner für Business-Hosting Domains schnell und preiswert online Registrieren NetSer,0,0
118,nice-cocktails.de,0, Nice Cocktails - Cocktails mixen und genießen Herzlich Willkommen bei www.nice-cocktails.de !!! Karibik - weißer Strand - tiefblaues Meer - Palmen schwanken im Wind - angenehme 26°C im Schatten - der Blick schweift über die bezaubernde Landschaft - ,0,0
119,noblego.de,1," Zigarren-Shop Noblego - Zigarren, Tabak, Humidore kaufen Sehr gut4.81/5.00Zertifiziert seit 22.06.2012×Zertifizierter Shop JavaScript scheint in Ihrem Browser deaktiviert zu sein. Sie müssen JavaScript in Ihrem Browser aktivieren, um alle Funktionen",1,0
120,nowak-ag.de,0," Nowak Immobilien - einer der besten Immobilien-Makler Berchtesgaden OK Um Ihnen eine optimale Nutzererfahrung zu bieten, verwendet diese Website Cookies. Durch die Nutzung der Website stimmen Sie der Verwendung von Cookies zu. Toggle navigation Über",0,0
121,oeger.de,0, Türkei Reisen und Urlaub im Orient - ÖGER TOURS Ihr Reisespezialist Wir verwenden aus technischen Gründen und zu Marketingzwecken Cookies. Mit der Nutzung der Seite erklären Sie sich mit dem Verfahren einverstanden.XTeil der Thomas Cook GruppeÖGER T,0,0
122,oehunigraz.at,0, ÖH Uni Graz - HochschülerInnenschaft an der Uni Graz ÖH Uni Graz Vertretung Was ist die ÖHAufgaben und Vertretung HochschulvertretungOberstes Gremium der ÖH Uni Graz VorsitzLeitet die Geschäfte der ÖH Uni Graz ReferateAktiv in vielen Themen Fakultät,0,0
123,online-tuerschilder.de,1," Shop für Türschilder, Praxisschilder, Firmenschilder - Online-Türschilder.de Kundenservice Kundenservice Online Türschilder 0172 9262602 oder 0151 70818809 Mo - Do: 9.00 Uhr - 17.00 Uhr Fr: 9.00 Uhr - 15.00 Uhr Fax: 04124 8998977 Schreiben Sie uns I",1,0
124,ostsee-vermittlung.de,0, Ostsee-Urlaub mit 4-5 Sternen | Ostsee-Vermittlung Home Ferienhäuser Wellness-Häuser Exklusive Ferienhäuser Ferienhäuser für 5+ Personen Ferienwohnungen Ferienwohnungen für 2 Personen Exklusive Ferienwohnungen Günstige Ferienwohnungen Wellness-Wo,0,0
125,paintball-shop-leipzig.de,1, Paintball Shop Leipzig - Paintball Shop Leipzig - Großes Sortiment auf Lager!: Deutschland Wohnort Wohnort Deutschland Österreich Polen Schweiz Kundenlogin Kundenlogin Konto erstellen Passwort vergessen? Merkzettel 0 Suche Alle Alle Paintball Markie,1,0
126,parfuemversand.de,1," Marken-Onlineparfümerie | Parfüm günstig im Onlineshop kaufen Sehr gut4.89/5.00Zertifiziert seit 22.02.2017×Zertifizierter Shop 04105 - 137603 Mo - Fr, 10 - 13 Uhr Kundenlogin Kundenlogin Konto erstellen Passwort vergessen? Merkzettel 0 Duft, Marke ",1,0
127,partytischdecke.de,1," Partytischdecke.de - Jetzt ansehen! | Partytischdecke.de Um Partytischdecke.de in vollem Umfang nutzen zu können, empfehlen wir Ihnen Javascript in Ihrem Browser zu aktiveren. Express Lieferung 14 Tage Rückgaberecht Versandkostenfrei ab 50 € 0 70 32",1,0
128,perfumetrader.de,1," Parfümerie Onlineshop | Parfüm, Make-Up, Pflegeprodukte online bestellen | Perfumetrader JavaScript scheint in Ihrem Browser deaktiviert zu seien. Sie müssen JavaScript in Ihrem Browser aktivieren um alle Funktionen dieser Webseite nutzen zu können.",1,0
129,piaggio-vespa.de,1," Piaggio Vespa Online Shop | Piaggio-Vespa Online Shop Zubehör Ersatzteile Bekleidung .df-btn--block,.df-card{width:100%}.df-classic,.df-slider,.df-slider *,.df-slider .noUi-pips,.df-slider .noUi-pips *{box-sizing:border-box}.df-card__description,.df",1,0
130,pro-fishing.de,1,"Pro-Fishing Angel-Shop */ Anmelden Gutscheine Angebote Uber uns Telefonische Beratung Schnelle Lieferung Sicherer Einkauf Warenkorb 0 Artikel Artikel (Leer) Keine Artikel versandkostenfrei Versand Sperrgutzuschlag 0,00 € Gesamt Warenkorb anzeigen Pro",1,0
131,progenix.de,1, Protein Bodyshop für Muskelaufbau in Ludwigshafen - Progenix Kundenlogin Kundenlogin Konto erstellen Passwort vergessen? Merkzettel 0 Suche Alle Alle Gutscheine Protein / Eiweiss Aminos / BCAA / Glutamin Creatin / Kre Alkalyn Mass Gain / Kohlenhydra,1,0
132,ptgtravel.de,0, Reisen buchen und sparen - PTG Travel FAQKontaktÜber PTGKarriere PauschalreisenPauschalreisenRundreisen & StudienreisenLast-Minute-AngeboteEigenanreiseLast-MinuteLast-Minute-AngeboteFlügeFlügeGabelflügeHotelsHotelsucheEigenanreiseFerienhäuserFerienh,0,0
133,realbest.de,0, Immobilien verkaufen leicht gemacht | realbest Ich stimme zuCookies helfen uns bei der Bereitstellung unserer Dienste. Durch die Nutzung unserer Webseite stimmen Sie dem Einsatz von Cookies zu. Details ansehenCookie Consent plugin for the EU cookie ,0,0
134,reischlhof.de,0," Exklusives 4**** SUPERIOR Wellnesshotel REISCHLHOF, Bayerischer Wald. Luxus Wellnessurlaub nahe Passau Bayern. Wellnesshotel REISCHLHOF im Bayerischen Wald. Luxus Wellnessurlaub nahe Passau Buchen Jobs Anfrage Gutscheine Stammgäste Shop Suche Hotel ",0,0
135,reisesuchmaschine.com,0," Reisepreisvergleich - Reisesuchmaschine für Lastminute Reisen, Pauschalreisen, Kreuzfahrten und vieles mehr. Reisepreisvergleich von mehr als 200 Reiseveranstalter Abflughafen: beliebig NordSüdWestOstAmsterdam (NL)Basel-Mulhouse (CH)Berlin Brandenbu",0,0
136,remtra.de,1," Startseite Ihr Warenkorb ist leer. Ihr Recht AGB, Widerrufsrecht Datenschutz Impressum Service Facebook Mein Konto Versand remtra Über uns Standorte Kontakt Stühle Rollcontainer Sideboards Schränke Schreibtische Diverses Sonderangebote Made by Macha",1,0
137,reptilienkosmos.de,0, https://www.reptilienkosmos.de Es wurde noch kein Layout für dieses System hinterlegt. ,0,0
138,rezepte-und-tipps.de,0, Rezepte - Mittagessen & Abendessen einfach zubereitet OKDiese Website verwendet Cookies. Mit der Nutzung unserer Seite stimmen Sie dem Einsatz von Cookies zu. Mehr InfosCookie Consent plugin for the EU cookie law Rezepte-und-Tipps.de Startseite Date,0,0
139,ruefa.at,0, Ruefa - Urlaubs- & Reiseportal Unser Reiseportal verwendet Cookies um Sie bei der Nutzung zu unterstützen. Hier mehr erfahren. Durch die Nutzung unseres Reiseportals akzeptieren Sie das Setzen von Cookies. OK Kontakt: 0810 200 400 (zum Ortstarif) Mo,0,0
140,ruegen-abc.de,0," Rügen - Ferienwohnungen, Ferienhäuser, Hotels – Insel Urlaub an der Ostsee: Wir sind für Sie vor Ort 038306 62606 Heute von 8:00 - 16:00 und 17:00 - 20:00 Uhr Seit 20 Jahren Ihr Buchungsportal für die Insel Rügen Urlaub auf Rügen, seit 20 Jahren Ihr",0,0
141,sammy-icon.de,1," Socken-Online-Shop | Sammy Icon - Every Day a New Story Diese Seite benötigt Cookies. Sind Sie mit der Nutzung von Cookies einverstanden? Ja Nein Um Sammy Icon - Every Day a New Story in vollem Umfang nutzen zu können, empfehlen wir Ihnen Javascript",1,0
142,schacht-westerich.de,1," Schreibgeräte und Papiere bei Schacht & Westerich var Translator = new Translate({""Please select an option."":""Bitte w\u00e4hlen Sie eine Option."",""This is a required field."":""Dies ist ein Pflichtfeld."",""Please enter a valid number in this field."":""B",0,1
143,schlafgesund-shop.de,1," Der Schlafgesund-Shop | schlafgesund-shop.de Sehr gut4.85/5.00Zertifiziert seit 05.02.2014×Zertifizierter Shop Um schlafgesund-shop.de in vollem Umfang nutzen zu können, empfehlen wir Ihnen Javascript in Ihrem Browser zu aktiveren. schlafgesund-shop",1,0
144,schlesien-heute.de,0, Schlesien Heute - Schlesien heute - Senfkorn Verlag & Schlesische Schatztruhe Schlesien Heute Start ZEITUNGEN Schlesien heute Abo/Redaktion Schlesien heute - Titelseiten Schlesien heute - Inhalt 2018 Schlesien heute - Inhalt 2017 Schlesien heute - I,0,0
145,schweden-immobilien.net,0," Schweden Immobilien kaufen schweden-immobilien.net Immobilien Schweden kaufen Schweden Immobilien Lieber Schwedenfreund, wir begrüßen Sie recht herzlich im schönen Schweden, dem Land der Mitternachtssonne. Eine saubere Natur, mehr als 300.000 Seen, ",0,0
146,seyvillas.com,0, Seychellen Spezialist – Inselhopping Seychellen Urlaub in Hotels & Villen - Seyvillas.com Your browser blocks some 3rd party cookies by default. By clicking on this page you allow our partner Criteo to place its cookies and serve personalized ads. Y,0,0
147,shakk.de,1," Deutschlands Hip Hop Klamotten Shop Discounter | shakk.de Gut4.44/5.00Zertifiziert seit 13.01.2017×Zertifizierter Shop Um shakk.de in vollem Umfang nutzen zu können, empfehlen wir Ihnen Javascript in Ihrem Browser zu aktiveren. Wunschlisten | Mein K",1,0
148,shoppingpoint24.com,1," Sehr gut4.52/5.00Zertifiziert seit 19.09.2008×Zertifizierter Shop Startseite Navigation (open) Baumarkt (open) Technik & Werkzeug Heizen, Klima & Ventilatoren Elektro-Installation Handwerkzeuge Hydraulik Werkstatt Kühlmittel & Schmierstoffe Großmasc",1,0
149,shopthebbar.com,0,shopthebbar.com - Diese Website steht zum Verkauf! - Informationen zum Thema books about blogging how to start a blog.shopthebbar.comDomain erwerbenSie können die Domain shopthebbar.com für 499 USD vom Inhaber kaufen.Diese Webseite wurde vom Domain I,0,0
150,shuyao.de,0," shuyao tee shop | fernöstliche tee kultur aus düsseldorf news | neu hier? | teepedia | standortfinder shuyao ganz in ihrer nähe sie finden shuyao inzwischen bei zahlreichen partnern in ganz deutschland – und darüber hinaus! einfach ranzoomen, adress",0,0
151,silberkanne.de,1," Silberkanne Onlineshop | Silber & Versilbertes Mein Konto | Warenkorb | Kasse [Erweiterte Suche] Startseite » Katalog Sterling, echt Silber 925 (639)Versilbert, Silber Plated (831)Silber Bestecke Wilkens (1652)Silberglas Bauernsilber (12) Willkommen",1,0
152,smellissimo.de,1," Duftkerzen jetzt online kaufen | smellissimo.de Sehr gut4.92/5.00Zertifiziert seit 07.07.2016×Zertifizierter Shop Um smellissimo in vollem Umfang nutzen zu können, empfehlen wir Ihnen Javascript in Ihrem Browser zu aktiveren. Bonuspunkte Shop Bonusp",1,0
153,softair-professional.de,1, Softair Professional | Airsoft Deutschland Shop Home Ihr Konto Warenkorb Kasse Showroom/Verkaufsbüro Startseite » Katalog Kategorien Softair 6-8mmMunitionZubehörMagazineAkkus / Gas / CO2Netzteile / LadestationenErsatzteilsetsPflegemittelBekleidungAu,1,0
154,spar-mit.com,0, Spar mit! Reisen - Kurzurlaub mit dem Auto - hier Urlaub günstig buchen Your browser blocks some 3rd party cookies by default. By clicking on this page you allow our partner Criteo to place its cookies and serve personalized ads. You can read more o,0,0
155,speedit.org,0, Professionelle Hosting-Lösungen seit 2009 › SpeedIT Solutions .wpb_animate_when_almost_visible{opacity:1} CAll Us: +49 5139 9525263 Menu StartseiteService-AngebotHosting-LösungenPrivatkunden HostingGeschäftskunden HostingSSD & WordPress HostingServe,0,0
156,spielzeughit.de,1," Bestellen Sie Kinder-Spielzeug online in unserem Shop >> Spielzeughit.de ab 50 € Um Spielzeughit in vollem Umfang nutzen zu können, empfehlen wir Ihnen Javascript in Ihrem Browser zu aktiveren. Spielwaren zu Schnäppchen-Preisen, auch auf Rechnung ka",1,0
157,sportbargfrede.de,1," Sport Bargfrede Um Sport Bargfrede in vollem Umfang nutzen zu können, empfehlen wir Ihnen Javascript in Ihrem Browser zu aktiveren. € EUR $ USD £ GBP € EUR Service/Hilfe Händler Anmeldung Partnerprogramm Produktveredelung Vereinskooperationen Kontak",1,0
158,sportschuh-outlet.de,1, Sportschuh-Outlet in Hambrücken und Online (07255) 397 219 Kontakt Info Zahlungsarten Versandarten & -kosten Widerrufsrecht Impressum Login E-Mail-Adresse Passwort Anmelden Passwort vergessen? Registrieren Abbrechen Warenkorb 0 Sie haben noch keine ,1,0
159,sprachdirekt.de,0, Sprachreisen – Günstige Sprachschulen und Sprachkurse Sprachdirekt - Sprachreisen zu direkten Preisen!0049 (0)89 599 45570Kostenloses AngebotOnline Buchung Englisch Sprachreisen - Sprachreisen England -- London Sprachreise -- Cambridge Sprachreise -,0,0
160,springerle.com,0, www.springerle.com - Herzlich willkommen! Willkommen Geschichte Rezepte Sortiment Information Online-Shop Kontakt in english en français Herzlich willkommen Das Spezialitäten-Haus für Springerle und Änisbrötli Im Änis-Paradies finden Sie über 1000 v,1,0
161,star-naildesign.de,0, https://www.star-naildesign.de Es wurde noch kein Layout für dieses System hinterlegt. ,0,0
162,staubsaugerbeutel-versand.de,1," Staubsaugerbeutel Siemens, Miele - Staubsaugerzubehör - Staubbeutel Swirl Ihr Konto Kasse Staubsaugerbeutel Staubsaugerbeutel-Suche Fackelmann Topfilter Swirl Porten's Puro SEBO Andere Staubsaugerbeutel Staubsaugerzubehör Übersicht Miele Zubehör HEP",1,0
163,strandkorb.co,1, Strandkorb Shop Möbel Promenade Teak u. Mahagoni Strandkörbe Möchten Sie zur Ansicht für Mobilgeräte wechseln? 1 2 3 4 5 6 7 Startseite Angebote Blog Wohnen & Garten Versandkosten Ihr Konto Warenkorb Kasse Startseite » Katalog Kompetente Beratung un,1,0
164,stroeh.de,1," Ströh - Pferdefutter und Reitartikel für Ihr Pferd Cookies erleichtern die Bereitstellung unserer Dienste. Mit der Nutzung unserer Dienste erklären Sie sich damit einverstanden, dass wir Cookies verwenden. OK Schnelle Lieferung 48h umweltgerechter V",1,0
165,svggermany.de,1, Physiotherapie & Praxisausstattung (Therapieliegen) | SVG Medizinsysteme GmbH & Co. KG Zertifiziert seit 09.10.2012×Zertifizierter Shop Expertenberatung im großen 320m² Showroom! Top Qualitätsprodukte Beratungs-Hotline: +49(0)7041 9615-0 Kostenloser,1,0
166,swisswellness.com,0, SwissWellness | Gutscheine für die schönsten Wellnesshotels Skip to main content Willkommen auf Swisswellness.com Gutscheine für die schönsten Wellnesshotels Reise Magazin Hotelsuche Wellness Bonus Wellness Gutschein verschenken Wo möchten Sie entsp,0,0
167,taffstyle.de,1," Flesh Tunnel, Piercings, Ohr Plugs | Taffstyle® | Piercing Shop Sehr gut4.62/5.00Zertifiziert seit 02.02.2012×Zertifizierter Shop JavaScript scheint in Ihrem Browser deaktiviert zu sein. Sie müssen JavaScript in Ihrem Browser aktivieren, um alle Fun",1,0
168,thomascook.de,0," Last Minute Urlaub, Reisen & Hotels günstig buchen | ThomasCook.de Wir verwenden aus technischen Gründen und zu Marketingzwecken Cookies. Mit der Nutzung der Seite erklären Sie sich mit dem Verfahren einverstanden.XTeil der Thomas Cook GruppeThomas ",0,0
169,top-wellness.ch,0, Die besten Wellness Hotels für Wellnessferien – top-wellness.ch Über Top-Wellness Kontakt Hotel Login Schweiz Aargau Appenzell Basel Stadt Bern Genève Glarus Graubünden Luzern Nidwalden Obwalden Schwyz Solothurn St.Gallen Tessin Thurgau Waadt Wallis,0,0
170,toplac.de,1," TOPLAC eShop Wir nutzen Cookies zur optimalen Bereitstellung unserer Webseite. Wenn Sie fortfahren, erklären Sie sich hiermit einverstanden. Ja Mehr erfahren Um TOPLAC eShop in vollem Umfang nutzen zu können, empfehlen wir Ihnen Javascript in Ihrem ",1,0
171,toskanaferien.de,0, Home - Toskanaferien HomeUrlaubsort Lari Dolce Vita Tag LariAlle FerienhäuserZu unsMedienbeiträge Blog Kontakt HomeUrlaubsort Lari Dolce Vita Tag LariAlle FerienhäuserZu unsMedienbeiträge Blog Kontakt DIE FERIENHÄUSER IN DER TOSKANA All Agriturismo ,0,0
172,touristik.at,0," OÖ Touristik: Urlaubsangebote aus Oberösterreich | OÖ Touristik Diese Website verwendet Cookies um Ihren Besuch einfacher und komfortabler zu machen. Wenn Sie diese Website weiterhin nutzen, stimmen Sie der Verwendung von Cookies zu. Verstanden Reis",0,0
173,trachten-dirndl-shop.de,1," Trachten Dirndl Shop: Stockerpoint Trachten, Dirndl und Landhausmode | Winkler Tracht Online Your browser blocks some 3rd party cookies by default. By clicking on this page you allow our partner Criteo to place its cookies and serve personalized ads",1,0
174,trackir.eu,1," headtracker deutschland,trackir,trackir5 deutschland,Bist Du Bereit Für Diesen Kick? Jetzt Trackir 5 kaufen de Sprache Sprache auswählen Deutsch English Kundenlogin Kundenlogin Konto erstellen Passwort vergessen? Merkzettel 0 Suche Alle Alle Trackir",1,0
175,trekkinglager.de,1, Schwenkgrills und Outdoormesser von bekannten Marken kaufen bei Trekkinglager.de - Outdoor Equipement günstig kaufen im Outdoor Onlineshop Ok.Diese Webseite verwendet Cookies. Mit der weiteren Nutzung unserer Internetseite erklären Sie sich damit ei,1,0
176,tropical-islands.de,0, Tropical Islands: Tropical Islands - Europas größte tropische Urlaubswelt Freie Jobs Zurück Startseite Preise & Buchung Preise & Buchung Preise & Tickets Gutscheine Angebote alle Angebote Ticket-Angebote Tauchen Sonntags-Special Tropischer Winter Fr,0,0
177,trustimmobilien.ch,0, Home KaufenMietenKompetenzenUnternehmenReferenzenKontakt EN KaufenMietenKompetenzenUnternehmenReferenzenKontakt persönlich kompetent engagiert Trust Immobilien betreut Ihren Immobilienverkauf und Ihre Liegenschaftsvermietung am Zürichsee. Kaufen Ver,0,0
178,udmedia.de,0," Mehrgenerationenwohnen und Sozialer Wohnungsbau in München, Rosenheim und Innsbruck. Rupert Voß | Voss AG | Innzeit | Dahoam im Inntal Call Us Today! 1.555.555.555|info@yourdomain.com PhilosophieImmobilienentwicklungReferenzenKontakt PhilosophieImmo",0,0
179,uni-karlsruhe.de,0," KIT Scientific Publishing - vormals Universitätsverlag Karlsruhe Bitte beachten Sie Das aktuelle Angebot von KIT Scientific Publishing, ehemals Universitätsverlag Karlsruhe, finden Sie unter www.ksp.kit.edu. ",0,0
180,uni-saarland.de,0, Startseite | Universität des Saarlandes PresseVeranstaltungenMedienechoVideos Bewerbung und Einschreibung UniversitätSchüler|AbiturientenWirtschaftsportalExzellenzinitiative Werkstoffwissenschaftler verbessert Spritzguss-Bauteile Vorverkauf für den ,0,0
181,urlaub-anbieter.com,0," Ferienwohnungen, Ferienhäuser und mehr für Ihren Urlaub Login Ferienunterkunft inserieren www.urlaub-anbieter.com Sie suchen eine Ferienunterkunft? Hier können Sie die Urlaubsangebote durchsuchen gegliedert nach Urlaubsregionen und Urlaubsarten. Url",0,0
182,urlaubsexperte.de,0, urlaubsexperte.de - Die Lounge +Icon Über uns Kreuzfahrt Spezialist Landurlaub buchen Karriere bei urlaubsexperte.de Kontakt & Anfahrt Über uns Kreuzfahrt Spezialist Landurlaub buchen Karriere bei urlaubsexperte.de Kontakt & Anfahrt Folgen Sie uns: ,0,0
183,viktoria.at,0, A-VITA Viktoria Residenzen - Luxus-Appartements · Seefeld · Tirol Viktoria living Azahar DE EN Luxus-Apartments Apartment-Übersicht Häufige Fragen Unverbindlich anfragen Online Buchen Newsletter Preise Verfügbarkeit prüfen Wellness Winter Winterspaß,0,0
184,vineola.de,1," Italienische Weine - Weinhandel - Vino - Vineola.de Unsere Website setzt Cookies ein, um unsere Dienste für Sie bereitzustellen. Durch die Nutzung unserer Dienste erklären Sie sich damit einverstanden, dass wir Cookies setzen. Mehr erfahren. Weine a",1,0
185,wachtel-shop.com,1, Wachtel Shop mit bester Auswahl | wachtel-shop.com Sicheres Einkaufen durch SSL Versandkostenfrei ab 79€ ** info@wachtel-shop.com Hotline: 07134 - 91 74 410 Whatsapp: 0176 - 98 96 98 91 Whatsapp: 0176 - 98 96 98 91 Wachtel-Shop.com Es befinden sich ,1,0
186,web4a.de,0," Parallels Confixx © 2009 Parallels GmbH Login Administration Geben Sie Ihren Benutzernamen und Ihr Passwort ein und klicken Sie auf ""Einloggen"". Benutzername zB: web123 Passwort: Einloggen Haben Sie Ihr Passwort vergessen? Wenn Sie Ihr Passwort verg",0,0
187,webbuilder-stuff.de,0," Webbuilder-Stuff, Templates, Extension, WWB, Webdesign IHR WARENKORB0 Artikel0.00 EUR ☰ HauptmenüStartseiteUnsere ArtikelProduktkatalog druckenSimpelWebshopSimpelWebshop für WWB (1)SimpelWebshop Standalone (1)SimpelWebshop ModuleShop Module für Webb",0,0
188,webhoster.de,0, Webspace der webhoster.de Aktiengesellschaft Webhosting Web Presence Builder Dedicated Server v-Server Domains Suchmaschinen Aktuelles Die Gesellschaft Karriere Startseite Startseite Webhosting Web Presence Builder Dedicated Server v-Server Domains ,0,0
189,webtropia.com,0," Dedicated Server, vServer und Webserver mieten — webtropia.com This website uses cookies to ensure you get the best experience on our website. Learn moreGot it! Herzlich willkommen bei Hotline 0211 / 545 957 - 330 Toggle navigation Dedicated Servern",0,0
190,wellnesshotel24.de,0, Wellness Arrangements & Wellnessurlaub Angebote buchen - wellnesshotel24.de wellnesshotel24 Startseite | Kontakt | Über wellnesshotel24.de | Angebotsnr.-Suche Wellnesshotels & Wellnessurlaub buchen Wellnessreisen & Kurzurlaub Angebote zum Entspannen,0,0
191,wohnungsmarkt24.de,0, Immobilien - Wohnungen - Häuser ► Wohnungsmarkt24.de Jetzt kostenlos Gesuche aufgeben Start Navigation umschalten Wohnungen Wohnungen Wohnung mieten Wohnung kaufen Wohngemeinschaft Mietwohnung Eigentumswohnung Häuser Häuser Haus mieten Haus kaufen W,0,0
192,worldtrip.de,0, Weltreise - schmökern und planen html-Menu worldtrip - in English Weltreise - Schmökern und Planen Weltreiseportal bitte verlinken Dynamische Navigation: Home Weltreise-PortalNach OstenNach Westen EquipmentLinks und Leidenschaften Tauchen About UsPa,0,0
193,wp-hoster.de,0,Home - WP-Hoster Rufen Sie uns an: +49 9901 9485657|service@wp-hoster.deImpressumDatenschutzerklärungAllgemeine GeschäftsbedingungenImpressumDatenschutzerklärungAllgemeine Geschäftsbedingungen StartseiteÜber unsBlogPreiseHostingWordPress-Pflege Start,0,0
194,xenagos.de,0, Personalberatung Vertrieb & Headhunter Sales - xenagos.de .wpb_animate_when_almost_visible { opacity: 1; } Anmeldung Newscast × Zum Inhalt springen Xenagos GmbH | Hanauer Landstrasse 291 | 60314 Frankfurt am Main+49 69 204 563 0info@xenagos.de XINGL,0,0
195,xeon-hosting.de,0, Xeon-Hosting.de TeamSpeak3 Live Chat Warenkorb Registrieren Login Menü Home Server vServer Rootserver Teamspeak Webhosting Domains Plesk Reseller PrePaid TeamSpeak Hosting von 5-500 Slots DDoS geschützt neuinstallation mit einem Klick Serverviewer S,0,0
196,xodox.de,0,"XODOX - Webdesign, Server, E-Mail & SEO aus Forchheim About Us#0 (kein Titel)#0 (kein Titel)BlogFAQ DomainsE-MailWebdesignHostingHilfe & SupportKontakt Start admin 2017-10-05T14:26:12+00:00 Bei uns stimmt das Gesamtpaket Service, Domain und Webdesign",0,0
197,zaubermode.de,1, kunterbunte Kindermode und Babykleidung - günstig bei Zaubermode - Zaubermode - zauberhafte Kindermode Kundenlogin Kundenlogin Konto erstellen Passwort vergessen? Merkzettel 0 Suche Alle Alle Dies & Das Frühchen Alles fürs Baby Mädchen-Mode Jungen-M,1,0
198,zipf-immobilien24.de,0," Zipf und Partner Immobilien GmbH - Immobilien verkaufen, vermieten! Logo Zipf und Partner Über 35 Jahre Ihr Partner in allen Immobilienfragen! Logo-Kontakt Rufen Sie uns an! Gerne helfen wir Ihnen weiter! Kontakt aufnehmen Menu MietenKaufenServiceOb",0,0
199,zunft.de,1,"Zunftkleidung online günstig kaufen - Zunft.de Alle Bestellungen bis 13:00 Uhr gehen am selben Tag raus, wenn die Artikel auf Lager sind. Zunft.de MännerFrauenKinder Menü Warenkorb Anmelden Suchen Zunfthosen Ohne Schlag Mit Schlag Bermudas Arbeitshos",1,0
